{
  "데이터 증강 보고서": {
    "생성 시간": "2025-08-06 07:01:03",
    "원본 데이터 크기": 12457,
    "총 처리 샘플": 5,
    "성공한 증강": 4,
    "실패한 증강": 0,
    "품질 필터링된 데이터": 1,
    "중복 제거된 데이터": 0,
    "최종 증강 데이터": 4,
    "최종 전체 데이터": 12461
  },
  "ROUGE 점수 통계": {
    "평균": 0.999999995,
    "최소": 0.999999995,
    "최대": 0.999999995,
    "샘플 수": 4
  }
}